
INSERT INTO pharmacies (pharmacy_id, pharmacy_name, pharmacy_location, pharmacy_number, pharmacy_email, pharmacy_address) VALUES
(1, 'Pharmacy A', 'Karachi', '03001234567', 'pharmacy1@example.com', 'Street 1, Gulshan, Karachi'),
(2, 'Pharmacy A', 'Lahore', '03001234568', 'pharmacy2@example.com', 'Street 2, Johar Town, Lahore'),
(3, 'Pharmacy B', 'Islamabad', '03001234569', 'pharmacy3@example.com', 'Street 3, G-10, Islamabad'),
(4, 'Pharmacy B', 'Karachi', '03001234570', 'pharmacy4@example.com', 'Street 4, Clifton, Karachi'),
(5, 'Pharmacy C', 'Peshawar', '03001234571', 'pharmacy5@example.com', 'Street 5, Hayatabad, Peshawar'),
(6, 'Pharmacy D', 'Faisalabad', '03001234572', 'pharmacy6@example.com', 'Street 6, People Colony, Faisalabad'),
(7, 'Pharmacy E', 'Quetta', '03001234573', 'pharmacy7@example.com', 'Street 7, Jinnah Road, Quetta'),
(8, 'Pharmacy F', 'Multan', '03001234574', 'pharmacy8@example.com', 'Street 8, Bosan Road, Multan'),
(9, 'Pharmacy G', 'Rawalpindi', '03001234575', 'pharmacy9@example.com', 'Street 9, Saddar, Rawalpindi'),
(10, 'Pharmacy H', 'Hyderabad', '03001234576', 'pharmacy10@example.com', 'Street 10, Latifabad, Hyderabad'),
(11, 'Pharmacy A', 'Karachi', '03001234577', 'pharmacy11@example.com', 'Street 11, Nazimabad, Karachi'),
(12, 'Pharmacy A', 'Lahore', '03001234578', 'pharmacy12@example.com', 'Street 12, DHA, Lahore'),
(13, 'Pharmacy B', 'Islamabad', '03001234579', 'pharmacy13@example.com', 'Street 13, F-10, Islamabad'),
(14, 'Pharmacy B', 'Karachi', '03001234580', 'pharmacy14@example.com', 'Street 14, Gulistan-e-Johar, Karachi'),
(15, 'Pharmacy C', 'Peshawar', '03001234581', 'pharmacy15@example.com', 'Street 15, Saddar, Peshawar'),
(16, 'Pharmacy D', 'Faisalabad', '03001234582', 'pharmacy16@example.com', 'Street 16, Ghulam Muhammad Abad, Faisalabad'),
(17, 'Pharmacy E', 'Quetta', '03001234583', 'pharmacy17@example.com', 'Street 17, Airport Road, Quetta'),
(18, 'Pharmacy F', 'Multan', '03001234584', 'pharmacy18@example.com', 'Street 18, Cantt, Multan'),
(19, 'Pharmacy G', 'Rawalpindi', '03001234585', 'pharmacy19@example.com', 'Street 19, Bahria Town, Rawalpindi'),
(20, 'Pharmacy H', 'Hyderabad', '03001234586', 'pharmacy20@example.com', 'Street 20, Qasimabad, Hyderabad'),
(21, 'Pharmacy A', 'Karachi', '03001234587', 'pharmacy21@example.com', 'Street 21, Gulshan-e-Iqbal, Karachi'),
(22, 'Pharmacy A', 'Lahore', '03001234588', 'pharmacy22@example.com', 'Street 22, Model Town, Lahore'),
(23, 'Pharmacy B', 'Islamabad', '03001234589', 'pharmacy23@example.com', 'Street 23, G-9, Islamabad'),
(24, 'Pharmacy B', 'Karachi', '03001234590', 'pharmacy24@example.com', 'Street 24, PECHS, Karachi'),
(25, 'Pharmacy C', 'Peshawar', '03001234591', 'pharmacy25@example.com', 'Street 25, University Town, Peshawar'),
(26, 'Pharmacy D', 'Faisalabad', '03001234592', 'pharmacy26@example.com', 'Street 26, Madina Town, Faisalabad'),
(27, 'Pharmacy E', 'Quetta', '03001234593', 'pharmacy27@example.com', 'Street 27, Samungli Road, Quetta'),
(28, 'Pharmacy F', 'Multan', '03001234594', 'pharmacy28@example.com', 'Street 28, Nawan Shehr, Multan'),
(29, 'Pharmacy G', 'Rawalpindi', '03001234595', 'pharmacy29@example.com', 'Street 29, PWD, Rawalpindi'),
(30, 'Pharmacy H', 'Hyderabad', '03001234596', 'pharmacy30@example.com', 'Street 30, Auto Bahn Road, Hyderabad'),
(31, 'Pharmacy A', 'Karachi', '03001234597', 'pharmacy31@example.com', 'Street 31, Clifton, Karachi'),
(32, 'Pharmacy A', 'Lahore', '03001234598', 'pharmacy32@example.com', 'Street 32, Iqbal Town, Lahore'),
(33, 'Pharmacy B', 'Islamabad', '03001234599', 'pharmacy33@example.com', 'Street 33, H-8, Islamabad'),
(34, 'Pharmacy B', 'Karachi', '03001234600', 'pharmacy34@example.com', 'Street 34, Korangi, Karachi'),
(35, 'Pharmacy C', 'Peshawar', '03001234601', 'pharmacy35@example.com', 'Street 35, University Road, Peshawar'),
(36, 'Pharmacy D', 'Faisalabad', '03001234602', 'pharmacy36@example.com', 'Street 36, D Ground, Faisalabad'),
(37, 'Pharmacy E', 'Quetta', '03001234603', 'pharmacy37@example.com', 'Street 37, Sariab Road, Quetta'),
(38, 'Pharmacy F', 'Multan', '03001234604', 'pharmacy38@example.com', 'Street 38, Chungi No. 9, Multan'),
(39, 'Pharmacy G', 'Rawalpindi', '03001234605', 'pharmacy39@example.com', 'Street 39, Committee Chowk, Rawalpindi'),
(40, 'Pharmacy H', 'Hyderabad', '03001234606', 'pharmacy40@example.com', 'Street 40, Tilak Incline, Hyderabad'),
(41, 'Pharmacy A', 'Karachi', '03001234607', 'pharmacy41@example.com', 'Street 41, Gulshan Block 13, Karachi'),
(42, 'Pharmacy A', 'Lahore', '03001234608', 'pharmacy42@example.com', 'Street 42, Wapda Town, Lahore'),
(43, 'Pharmacy B', 'Islamabad', '03001234609', 'pharmacy43@example.com', 'Street 43, G-13, Islamabad'),
(44, 'Pharmacy B', 'Karachi', '03001234610', 'pharmacy44@example.com', 'Street 44, North Karachi, Karachi'),
(45, 'Pharmacy C', 'Peshawar', '03001234611', 'pharmacy45@example.com', 'Street 45, Tehkal, Peshawar'),
(46, 'Pharmacy D', 'Faisalabad', '03001234612', 'pharmacy46@example.com', 'Street 46, Jinnah Colony, Faisalabad'),
(47, 'Pharmacy E', 'Quetta', '03001234613', 'pharmacy47@example.com', 'Street 47, Brewery Road, Quetta'),
(48, 'Pharmacy F', 'Multan', '03001234614', 'pharmacy48@example.com', 'Street 48, New Multan, Multan'),
(49, 'Pharmacy G', 'Rawalpindi', '03001234615', 'pharmacy49@example.com', 'Street 49, Gulrez, Rawalpindi'),
(50, 'Pharmacy H', 'Hyderabad', '03001234616', 'pharmacy50@example.com', 'Street 50, Paretabad, Hyderabad'),
(51, 'Pharmacy A', 'Karachi', '03001234617', 'pharmacy51@example.com', 'Street 51, Gulshan Block 15, Karachi'),
(52, 'Pharmacy A', 'Lahore', '03001234618', 'pharmacy52@example.com', 'Street 52, Shahdara, Lahore'),
(53, 'Pharmacy B', 'Islamabad', '03001234619', 'pharmacy53@example.com', 'Street 53, F-6, Islamabad'),
(54, 'Pharmacy B', 'Karachi', '03001234620', 'pharmacy54@example.com', 'Street 54, PIB Colony, Karachi'),
(55, 'Pharmacy C', 'Peshawar', '03001234621', 'pharmacy55@example.com', 'Street 55, Ring Road, Peshawar'),
(56, 'Pharmacy D', 'Faisalabad', '03001234622', 'pharmacy56@example.com', 'Street 56, Millat Town, Faisalabad'),
(57, 'Pharmacy E', 'Quetta', '03001234623', 'pharmacy57@example.com', 'Street 57, Joint Road, Quetta'),
(58, 'Pharmacy F', 'Multan', '03001234624', 'pharmacy58@example.com', 'Street 58, Lodhi Colony, Multan'),
(59, 'Pharmacy G', 'Rawalpindi', '03001234625', 'pharmacy59@example.com', 'Street 59, Dhok Kala Khan, Rawalpindi'),
(60, 'Pharmacy H', 'Hyderabad', '03001234626', 'pharmacy60@example.com', 'Street 60, GOR Colony, Hyderabad'),
(61, 'Pharmacy A', 'Karachi', '03001234627', 'pharmacy61@example.com', 'Street 61, Shah Faisal Colony, Karachi'),
(62, 'Pharmacy A', 'Lahore', '03001234628', 'pharmacy62@example.com', 'Street 62, Valencia Town, Lahore'),
(63, 'Pharmacy B', 'Islamabad', '03001234629', 'pharmacy63@example.com', 'Street 63, I-8, Islamabad'),
(64, 'Pharmacy B', 'Karachi', '03001234630', 'pharmacy64@example.com', 'Street 64, Malir, Karachi'),
(65, 'Pharmacy C', 'Peshawar', '03001234631', 'pharmacy65@example.com', 'Street 65, Gulberg, Peshawar'),
(66, 'Pharmacy D', 'Faisalabad', '03001234632', 'pharmacy66@example.com', 'Street 66, Manawala, Faisalabad'),
(67, 'Pharmacy E', 'Quetta', '03001234633', 'pharmacy67@example.com', 'Street 67, Zarghoon Road, Quetta'),
(68, 'Pharmacy F', 'Multan', '03001234634', 'pharmacy68@example.com', 'Street 68, Chungi No. 6, Multan'),
(69, 'Pharmacy G', 'Rawalpindi', '03001234635', 'pharmacy69@example.com', 'Street 69, Adiala Road, Rawalpindi'),
(70, 'Pharmacy H', 'Hyderabad', '03001234636', 'pharmacy70@example.com', 'Street 70, Citizen Colony, Hyderabad'),
(71, 'Pharmacy A', 'Karachi', '03001234637', 'pharmacy71@example.com', 'Street 71, Nipa, Karachi'),
(72, 'Pharmacy A', 'Lahore', '03001234638', 'pharmacy72@example.com', 'Street 72, Ravi Road, Lahore'),
(73, 'Pharmacy B', 'Islamabad', '03001234639', 'pharmacy73@example.com', 'Street 73, Blue Area, Islamabad'),
(74, 'Pharmacy B', 'Karachi', '03001234640', 'pharmacy74@example.com', 'Street 74, Mehmoodabad, Karachi'),
(75, 'Pharmacy C', 'Peshawar', '03001234641', 'pharmacy75@example.com', 'Street 75, Dabgari Gardens, Peshawar'),
(76, 'Pharmacy D', 'Faisalabad', '03001234642', 'pharmacy76@example.com', 'Street 76, Susan Road, Faisalabad'),
(77, 'Pharmacy E', 'Quetta', '03001234643', 'pharmacy77@example.com', 'Street 77, M.A. Jinnah Road, Quetta'),
(78, 'Pharmacy F', 'Multan', '03001234644', 'pharmacy78@example.com', 'Street 78, Shershah Road, Multan'),
(79, 'Pharmacy G', 'Rawalpindi', '03001234645', 'pharmacy79@example.com', 'Street 79, Gulshanabad, Rawalpindi'),
(80, 'Pharmacy H', 'Hyderabad', '03001234646', 'pharmacy80@example.com', 'Street 80, Latifabad No. 7, Hyderabad'),
(81, 'Pharmacy A', 'Karachi', '03001234647', 'pharmacy81@example.com', 'Street 81, Saddar, Karachi'),
(82, 'Pharmacy A', 'Lahore', '03001234648', 'pharmacy82@example.com', 'Street 82, Garden Town, Lahore'),
(83, 'Pharmacy B', 'Islamabad', '03001234649', 'pharmacy83@example.com', 'Street 83, G-11, Islamabad'),
(84, 'Pharmacy B', 'Karachi', '03001234650', 'pharmacy84@example.com', 'Street 84, Gulberg, Karachi'),
(85, 'Pharmacy C', 'Peshawar', '03001234651', 'pharmacy85@example.com', 'Street 85, Kohat Road, Peshawar'),
(86, 'Pharmacy D', 'Faisalabad', '03001234652', 'pharmacy86@example.com', 'Street 86, Civil Lines, Faisalabad'),
(87, 'Pharmacy E', 'Quetta', '03001234653', 'pharmacy87@example.com', 'Street 87, Jinnah Town, Quetta'),
(88, 'Pharmacy F', 'Multan', '03001234654', 'pharmacy88@example.com', 'Street 88, Khanewal Road, Multan'),
(89, 'Pharmacy G', 'Rawalpindi', '03001234655', 'pharmacy89@example.com', 'Street 89, Dhok Hassu, Rawalpindi'),
(90, 'Pharmacy H', 'Hyderabad', '03001234656', 'pharmacy90@example.com', 'Street 90, GOR Colony, Hyderabad'),
(91, 'Pharmacy A', 'Karachi', '03001234657', 'pharmacy91@example.com', 'Street 91, Tariq Road, Karachi'),
(92, 'Pharmacy B', 'Islamabad', '03001234658', 'pharmacy92@example.com', 'Street 92, F-11, Islamabad'),
(93, 'Pharmacy C', 'Lahore', '03001234659', 'pharmacy93@example.com', 'Street 93, Gulberg, Lahore'),
(94, 'Pharmacy D', 'Quetta', '03001234660', 'pharmacy94@example.com', 'Street 94, Prince Road, Quetta'),
(95, 'Pharmacy E', 'Peshawar', '03001234661', 'pharmacy95@example.com', 'Street 95, Saddar, Peshawar'),
(96, 'Pharmacy F', 'Multan', '03001234662', 'pharmacy96@example.com', 'Street 96, BCG Chowk, Multan'),
(97, 'Pharmacy G', 'Rawalpindi', '03001234663', 'pharmacy97@example.com', 'Street 97, Airport Road, Rawalpindi'),
(98, 'Pharmacy H', 'Hyderabad', '03001234664', 'pharmacy98@example.com', 'Street 98, Saddar, Hyderabad'),
(99, 'Pharmacy A', 'Karachi', '03001234665', 'pharmacy99@example.com', 'Street 99, Nazimabad, Karachi'),
(100, 'Pharmacy B', 'Islamabad', '03001234666', 'pharmacy100@example.com', 'Street 100, F-7, Islamabad');

INSERT INTO manufacturers (manufacturer_name) VALUES
('GlaxoSmithKline'),
('Pfizer'),
('Novartis'),
('Sanofi'),
('Johnson & Johnson'),
('AbbVie'),
('Roche'),
('Merck & Co.'),
('Bayer'),
('AstraZeneca');

INSERT INTO medicines (medicine_name, manufacturer_id, medicine_unit_price) VALUES
('Paracetamol 500mg', 1, 5.50),
('Amoxicillin 250mg', 2, 12.75),
('Ibuprofen 400mg', 3, 8.25),
('Cetrizine 10mg', 4, 3.60),
('Azithromycin 500mg', 5, 22.40),
('Omeprazole 20mg', 6, 7.30),
('Loratadine 10mg', 7, 4.80),
('Metformin 500mg', 8, 9.10),
('Losartan 50mg', 9, 11.50),
('Calpol Syrup', 10, 15.00);

INSERT INTO pharmacies_x_medicines (pharmacy_id, medicine_id) VALUES
(1, 1), (1, 2), (1, 3), (1, 4),
(2, 3), (2, 5), (2, 6), (2, 7),
(3, 1), (3, 8), (3, 9), (99, 10);


INSERT INTO inventories (inventory_id, pharmacy_id, medicine_id,  inventory_quantity)
VALUES
(1, 1, 1, 100),   -- Panadol in Pharmacy 1
(2, 2, 2, 50),    -- Augmentin in Pharmacy 2
(3, 3, 3, 80),    -- Brufen in Pharmacy 3
(4, 4, 4, 70),    -- Calpol in Pharmacy 4
(5, 5, 5, 120),   -- Flagyl in Pharmacy 5
(6, 6, 6, 200),   -- Disprin in Pharmacy 6
(7, 7, 7, 90),    -- Amoxicillin in Pharmacy 7
(8, 8, 8, 110),   -- Cetirizine in Pharmacy 8
(9, 9, 9, 60),    -- Ponstan in Pharmacy 9
(10, 10, 10, 75); -- Ciproxin in Pharmacy 10




INSERT INTO customers (customer_id, pharmacy_id, customer_name, customer_number, customer_email)
VALUES
(1, 1, 'Ali Raza', '03001111111', 'ali.raza@example.com'),
(2, 2, 'Fatima Khan', '03002222222', 'fatima.khan@example.com'),
(3, 3, 'Ahmed Malik', '03003333333', 'ahmed.malik@example.com'),
(4, 4, 'Sana Sheikh', '03004444444', 'sana.sheikh@example.com'),
(5, 5, 'Bilal Ahmed', '03005555555', 'bilal.ahmed@example.com'),
(6, 6, 'Zara Rehman', '03006666666', 'zara.rehman@example.com'),
(7, 7, 'Hamza Iqbal', '03007777777', 'hamza.iqbal@example.com'),
(8, 8, 'Maryam Yousaf', '03008888888', 'maryam.yousaf@example.com'),
(9, 9, 'Usman Tariq', '03009999999', 'usman.tariq@example.com'),
(10, 10, 'Ayesha Siddiqui', '03101010101', 'ayesha.siddiqui@example.com');


INSERT INTO sales (pharmacy_id, customer_id, sale_date, sale_total_price, sale_discount)
VALUES
(1, 1, '2025-07-10', 110.00, 0.00),
(2, 2, '2025-07-11', 50.00, 0.00),
(3, 3, '2025-07-11', 180.00, 0.00),
(4, 4, '2025-07-12', 100.00, 0.00),
(5, 5, '2025-07-12', 90.00, 0.00),
(6, 6, '2025-07-13', 200.00, 0.00),
(7, 7, '2025-07-13', 160.00, 0.00),
(8, 8, '2025-07-14', 300.00, 0.00),
(9, 9, '2025-07-14', 120.00, 0.00),
(10, 10, '2025-07-15', 40.00, 0.00);

INSERT INTO sales_items (sale_id, medicine_id, sale_item_quantity, sale_item_unit_price)
VALUES
(1, 1, 2, 30.00),
(2, 3, 1, 50.00),
(3, 5, 4, 45.00),
(4, 4, 2, 50.00),
(5, 6, 3, 30.00),
(6, 2, 5, 40.00),
(7, 8, 2, 80.00),
(8, 9, 6, 50.00),
(9, 7, 3, 40.00),
(10, 10, 1, 40.00);


INSERT INTO employees (employee_id, pharmacy_id, employee_role, employee_name, employee_number, employee_email)
VALUES
(1, 1, 'Pharmacist', 'Ali Raza', '03011234567', 'ali.raza@pharma1.pk'),
(2, 2, 'Manager', 'Sara Khan', '03021234567', 'sara.khan@pharma2.pk'),
(3, 3, 'Salesman', 'Zain Ahmed', '03031234567', 'zain.ahmed@pharma3.pk'),
(4, 4, 'Cashier', 'Ayesha Malik', '03041234567', 'ayesha.malik@pharma4.pk'),
(5, 5, 'Inventory Officer', 'Usman Tariq', '03051234567', 'usman.tariq@pharma5.pk'),
(6, 6, 'Pharmacist', 'Hira Shah', '03061234567', 'hira.shah@pharma6.pk'),
(7, 7, 'Assistant', 'Fahad Ali', '03071234567', 'fahad.ali@pharma7.pk'),
(8, 8, 'Salesman', 'Nida Aslam', '03081234567', 'nida.aslam@pharma8.pk'),
(9, 9, 'Manager', 'Bilal Hussain', '03091234567', 'bilal.hussain@pharma9.pk'),
(10, 10, 'Cashier', 'Mehwish Akram', '03101234567', 'mehwish.akram@pharma10.pk');

INSERT INTO suppliers (supplier_id, supplier_name, supplier_number, supplier_email)
VALUES
(1, 'MedLine Distributors', '03001111111', 'contact@medline.pk'),
(2, 'HealthCorp Supplies', '03002222222', 'sales@healthcorp.pk'),
(3, 'Prime Pharma', '03003333333', 'info@primepharma.pk'),
(4, 'LifeSaver Traders', '03004444444', 'support@lifesaver.pk'),
(5, 'CureFast Suppliers', '03005555555', 'hello@curefast.pk'),
(6, 'WellMed Agency', '03006666666', 'service@wellmed.pk'),
(7, 'CityCare Suppliers', '03007777777', 'orders@citycare.pk'),
(8, 'MediPlus Traders', '03008888888', 'admin@mediplus.pk'),
(9, 'PakHealth Supplies', '03009999999', 'contact@pakhealth.pk'),
(10, 'TrustMed Suppliers', '03101111111', 'trust@trustmed.pk');



INSERT INTO purchases (purchase_id, pharmacy_id, supplier_id, medicine_id, purchase_quantity, purchase_unit_price, purchase_date)
VALUES
(1, 1, 1, 1, 50, 1.20, '2025-07-01'),
(2, 2, 2, 2, 100, 0.85, '2025-07-02'),
(3, 3, 3, 3, 60, 2.30, '2025-07-03'),
(4, 4, 4, 4, 75, 3.00, '2025-07-04'),
(5, 5, 5, 5, 40, 5.50, '2025-07-05'),
(6, 6, 6, 6, 90, 7.20, '2025-07-06'),
(7, 7, 7, 7, 110, 4.75, '2025-07-07'),
(8, 8, 8, 8, 120, 1.80, '2025-07-08'),
(9, 9, 9, 9, 85, 6.00, '2025-07-09'),
(10, 10, 10, 10, 100, 2.75, '2025-07-10');


 

INSERT INTO returns (return_id, sale_id, return_date, return_quantity, return_reason, refunded_amount)
VALUES
(1, 1, '2025-07-12', 1, 'Damaged packaging', 55.00),
(2, 2, '2025-07-13', 1, 'Expired item', 50.00),
(3, 3, '2025-07-13', 2, 'Incorrect product', 90.00),
(4, 4, '2025-07-14', 1, 'Customer changed mind', 50.00),
(5, 5, '2025-07-14', 1, 'Wrong dosage', 30.00),
(6, 6, '2025-07-15', 2, 'Side effects reported', 80.00),
(7, 7, '2025-07-15', 1, 'Defective strip', 80.00),
(8, 8, '2025-07-16', 3, 'Late delivery', 150.00),
(9, 9, '2025-07-16', 1, 'Unsealed pack', 40.00),
(10, 10, '2025-07-17', 1, 'Customer not satisfied', 40.00);

INSERT INTO pharmacies_x_suppliers (pharmacy_id, supplier_id)
VALUES
(1, 1),
(1, 2),
(2, 3),
(3, 1),
(3, 4),
(4, 5),
(5, 2),
(6, 6),
(7, 3),
(8, 7);

INSERT INTO payments_details (payment_details_id, sale_id, payment_method, payment_amount, payment_date)  
VALUES  
(1, 1, 'Cash', 165.00, '2025-07-11'),  
(2, 2, 'Card', 95.00, '2025-07-11'),  
(3, 3, 'Cash', 150.00, '2025-07-12'),  
(4, 4, 'Card', 300.00, '2025-07-12'),  
(5, 5, 'Cash', 180.00, '2025-07-13'),  
(6, 6, 'Card', 120.00, '2025-07-13'),  
(7, 7, 'Cash', 200.00, '2025-07-14'),  
(8, 8, 'Card', 250.00, '2025-07-14'),  
(9, 9, 'Cash', 220.00, '2025-07-15'),  
(10, 10, 'Card', 175.00, '2025-07-15');



